{"type": "metrics", "dataset": "train", "precision": 0.569341194565496, "balanced_accuracy": 0.6833077684152918, "recall": 0.4698540300401946, "f1_score": 0.5148354195642095}
{"type": "metrics", "dataset": "test", "precision": 0.5486194477791116, "balanced_accuracy": 0.6863673907983168, "recall": 0.4787847040335254, "f1_score": 0.5113286713286713}
{"type": "cm_matrix", "dataset": "train", "true_0": {"predicted_0": 14593, "predicted_1": 1680}, "true_1": {"predicted_0": 2506, "predicted_1": 2221}}
{"type": "cm_matrix", "dataset": "test", "true_0": {"predicted_0": 6339, "predicted_1": 752}, "true_1": {"predicted_0": 995, "predicted_1": 914}}
